"order_id","order_date","customer","salesrep"
11074,"1998-05-06","Jytte Petersen","King Robert"
11077,"1998-05-06","Paula Wilson","Davolio Nancy"
11076,"1998-05-06","Laurence Lebihan","Peacock Margaret"
11075,"1998-05-06","Michael Holz","Callahan Laura"
11071,"1998-05-05","Carlos González","Davolio Nancy"
11073,"1998-05-05","Guillermo Fernández","Fuller Andrew"
11072,"1998-05-05","Roland Mendel","Peacock Margaret"
11070,"1998-05-05","Renate Messner","Fuller Andrew"
11068,"1998-05-04","Lúcia Carvalho","Callahan Laura"
11069,"1998-05-04","Miguel Angel Paolino","Davolio Nancy"
11067,"1998-05-04","Sven Ottlieb","Davolio Nancy"
11065,"1998-05-01","Carlos González","Callahan Laura"
11066,"1998-05-01","Karl Jablonski","King Robert"
11064,"1998-05-01","Jose Pavarotti","Davolio Nancy"
11061,"1998-04-30","Howard Snyder","Peacock Margaret"
11063,"1998-04-30","Patricia McKenna","Leverling Janet"
11062,"1998-04-30","Maurizio Moroni","Peacock Margaret"
11060,"1998-04-30","Paolo Accorti","Fuller Andrew"
11058,"1998-04-29","Hanna Moos","Dodsworth Anne"
11059,"1998-04-29","Janete Limeira","Fuller Andrew"
11057,"1998-04-29","Simon Crowther","Leverling Janet"
11054,"1998-04-28","Patricio Simpson","Callahan Laura"
11056,"1998-04-28","Ann Devon","Callahan Laura"
11055,"1998-04-28","Carlos Hernández","King Robert"
11051,"1998-04-27","Annette Roulet","King Robert"
11053,"1998-04-27","Georg Pipps","Fuller Andrew"
11052,"1998-04-27","Mario Pontes","Leverling Janet"
11050,"1998-04-27","Maria Larsson","Callahan Laura"
11048,"1998-04-24","Elizabeth Lincoln","King Robert"
11049,"1998-04-24","André Fonseca","Leverling Janet"
11047,"1998-04-24","Ann Devon","King Robert"
11045,"1998-04-23","Elizabeth Lincoln","Suyama Michael"
11046,"1998-04-23","Rita Müller","Callahan Laura"
11044,"1998-04-23","Zbyszek Piestrzeniewicz","Peacock Margaret"
11041,"1998-04-22","Yang Wang","Leverling Janet"
11043,"1998-04-22","Dominique Perrier","Buchanan Steven"
11042,"1998-04-22","Pedro Afonso","Fuller Andrew"
11040,"1998-04-22","Howard Snyder","Peacock Margaret"
11038,"1998-04-21","Pascale Cartrain","Davolio Nancy"
11039,"1998-04-21","Felipe Izquierdo","Davolio Nancy"
11037,"1998-04-21","José Pedro Freyre","King Robert"
11035,"1998-04-20","Pascale Cartrain","Fuller Andrew"
11036,"1998-04-20","Sven Ottlieb","Callahan Laura"
11034,"1998-04-20","Rene Phillips","Callahan Laura"
11031,"1998-04-17","Jose Pavarotti","Suyama Michael"
11033,"1998-04-17","Michael Holz","King Robert"
11032,"1998-04-17","Karl Jablonski","Fuller Andrew"
11030,"1998-04-17","Jose Pavarotti","King Robert"
11028,"1998-04-16","Philip Cramer","Fuller Andrew"
11029,"1998-04-16","Yang Wang","Peacock Margaret"
11027,"1998-04-16","Elizabeth Lincoln","Davolio Nancy"
11024,"1998-04-15","Ann Devon","Peacock Margaret"
11026,"1998-04-15","Paolo Accorti","Peacock Margaret"
11025,"1998-04-15","Pirkko Koskitalo","Suyama Michael"
11020,"1998-04-14","Henriette Pfalzheim","Fuller Andrew"
11023,"1998-04-14","Victoria Ashworth","Davolio Nancy"
11022,"1998-04-14","Mario Pontes","Dodsworth Anne"
11021,"1998-04-14","Horst Kloss","Leverling Janet"
11018,"1998-04-13","Fran Wilson","Peacock Margaret"
11019,"1998-04-13","Sergio Gutiérrez","Suyama Michael"
11017,"1998-04-13","Roland Mendel","Dodsworth Anne"
11015,"1998-04-10","Jonas Bergulfsen","Fuller Andrew"
11016,"1998-04-10","Thomas Hardy","Dodsworth Anne"
11014,"1998-04-10","Felipe Izquierdo","Fuller Andrew"
11011,"1998-04-09","Maria Anders","Leverling Janet"
11013,"1998-04-09","Alejandra Camino","Fuller Andrew"
11012,"1998-04-09","Peter Franken","Davolio Nancy"
11010,"1998-04-09","Maurizio Moroni","Fuller Andrew"
11008,"1998-04-08","Roland Mendel","King Robert"
11009,"1998-04-08","José Pedro Freyre","Fuller Andrew"
11007,"1998-04-08","Isabel de Castro","Callahan Laura"
11005,"1998-04-07","Matti Karttunen","Fuller Andrew"
11006,"1998-04-07","Howard Snyder","Leverling Janet"
11004,"1998-04-07","Catherine Dewey","Leverling Janet"
11002,"1998-04-06","Jose Pavarotti","Peacock Margaret"
11003,"1998-04-06","Liu Wong","Leverling Janet"
11001,"1998-04-06","Maria Larsson","Fuller Andrew"
11000,"1998-04-06","Paula Wilson","Fuller Andrew"
10999,"1998-04-03","Henriette Pfalzheim","Suyama Michael"
10998,"1998-04-03","Zbyszek Piestrzeniewicz","Callahan Laura"
10997,"1998-04-03","Carlos González","Callahan Laura"
10994,"1998-04-02","Palle Ibsen","Fuller Andrew"
10996,"1998-04-02","Horst Kloss","Peacock Margaret"
10995,"1998-04-02","Guillermo Fernández","Davolio Nancy"
10991,"1998-04-01","Horst Kloss","Davolio Nancy"
10993,"1998-04-01","Maria Larsson","King Robert"
10992,"1998-04-01","Liz Nixon","Davolio Nancy"
10990,"1998-04-01","Roland Mendel","Fuller Andrew"
10988,"1998-03-31","Paula Wilson","Leverling Janet"
10989,"1998-03-31","Bernardo Batista","Fuller Andrew"
10987,"1998-03-31","Ann Devon","Callahan Laura"
10985,"1998-03-30","Patricia McKenna","Fuller Andrew"
10986,"1998-03-30","Yvonne Moncada","Callahan Laura"
10984,"1998-03-30","Jose Pavarotti","Davolio Nancy"
10981,"1998-03-27","Mario Pontes","Davolio Nancy"
10983,"1998-03-27","Jose Pavarotti","Fuller Andrew"
10982,"1998-03-27","Elizabeth Lincoln","Fuller Andrew"
10980,"1998-03-27","Maria Larsson","Peacock Margaret"
10979,"1998-03-26","Roland Mendel","Callahan Laura"
10978,"1998-03-26","Catherine Dewey","Dodsworth Anne"
10977,"1998-03-26","Maria Larsson","Callahan Laura"
10976,"1998-03-25","Carlos Hernández","Davolio Nancy"
10975,"1998-03-25","Elizabeth Lincoln","Davolio Nancy"
10974,"1998-03-25","Art Braunschweiger","Leverling Janet"
10971,"1998-03-24","Carine Schmitt","Fuller Andrew"
10973,"1998-03-24","Daniel Tonini","Suyama Michael"
10972,"1998-03-24","Daniel Tonini","Peacock Margaret"
10970,"1998-03-24","Martín Sommer","Dodsworth Anne"
10968,"1998-03-23","Roland Mendel","Davolio Nancy"
10969,"1998-03-23","Pedro Afonso","Davolio Nancy"
10967,"1998-03-23","Karin Josephs","Fuller Andrew"
10965,"1998-03-20","Rene Phillips","Suyama Michael"
10966,"1998-03-20","Yang Wang","Peacock Margaret"
10964,"1998-03-20","Dominique Perrier","Leverling Janet"
10961,"1998-03-19","Lúcia Carvalho","Callahan Laura"
10963,"1998-03-19","Lino Rodriguez","Dodsworth Anne"
10962,"1998-03-19","Horst Kloss","Callahan Laura"
10960,"1998-03-19","Carlos Hernández","Leverling Janet"
10958,"1998-03-18","Yvonne Moncada","King Robert"
10959,"1998-03-18","André Fonseca","Suyama Michael"
10957,"1998-03-18","Carlos Hernández","Callahan Laura"
10955,"1998-03-17","Maria Larsson","Callahan Laura"
10956,"1998-03-17","Hanna Moos","Suyama Michael"
10954,"1998-03-17","Felipe Izquierdo","Buchanan Steven"
10951,"1998-03-16","Michael Holz","Dodsworth Anne"
10953,"1998-03-16","Thomas Hardy","Dodsworth Anne"
10952,"1998-03-16","Maria Anders","Davolio Nancy"
10950,"1998-03-16","Giovanni Rovelli","Davolio Nancy"
10949,"1998-03-13","Elizabeth Lincoln","Fuller Andrew"
10948,"1998-03-13","José Pedro Freyre","Leverling Janet"
10947,"1998-03-13","Victoria Ashworth","Leverling Janet"
10944,"1998-03-12","Elizabeth Lincoln","Suyama Michael"
10946,"1998-03-12","Palle Ibsen","Davolio Nancy"
10945,"1998-03-12","Alexander Feuer","Peacock Margaret"
10941,"1998-03-11","Jose Pavarotti","King Robert"
10943,"1998-03-11","Victoria Ashworth","Peacock Margaret"
10942,"1998-03-11","Maurizio Moroni","Dodsworth Anne"
10940,"1998-03-11","Laurence Lebihan","Callahan Laura"
10938,"1998-03-10","Horst Kloss","Leverling Janet"
10939,"1998-03-10","Giovanni Rovelli","Fuller Andrew"
10937,"1998-03-10","Patricio Simpson","King Robert"
10935,"1998-03-09","Paula Parente","Peacock Margaret"
10936,"1998-03-09","Howard Snyder","Leverling Janet"
10934,"1998-03-09","Renate Messner","Leverling Janet"
10931,"1998-03-06","Michael Holz","Peacock Margaret"
10933,"1998-03-06","Helen Bennett","Suyama Michael"
10932,"1998-03-06","Laurence Lebihan","Callahan Laura"
10930,"1998-03-06","Pascale Cartrain","Peacock Margaret"
10927,"1998-03-05","Daniel Tonini","Peacock Margaret"
10929,"1998-03-05","Peter Franken","Suyama Michael"
10928,"1998-03-05","Eduardo Saavedra","Davolio Nancy"
10924,"1998-03-04","Christina Berglund","Leverling Janet"
10926,"1998-03-04","Ana Trujillo","Peacock Margaret"
10925,"1998-03-04","Mario Pontes","Leverling Janet"
10921,"1998-03-03","Palle Ibsen","Davolio Nancy"
10923,"1998-03-03","Annette Roulet","King Robert"
10922,"1998-03-03","Mario Pontes","Buchanan Steven"
10920,"1998-03-03","Thomas Hardy","Peacock Margaret"
10918,"1998-03-02","Elizabeth Lincoln","Leverling Janet"
10919,"1998-03-02","Felipe Izquierdo","Fuller Andrew"
10917,"1998-03-02","Alejandra Camino","Peacock Margaret"
10915,"1998-02-27","Miguel Angel Paolino","Fuller Andrew"
10916,"1998-02-27","Sergio Gutiérrez","Davolio Nancy"
10914,"1998-02-27","Lúcia Carvalho","Suyama Michael"
10909,"1998-02-26","Jonas Bergulfsen","Davolio Nancy"
10913,"1998-02-26","Lúcia Carvalho","Peacock Margaret"
10912,"1998-02-26","Patricia McKenna","Fuller Andrew"
10911,"1998-02-26","José Pedro Freyre","Leverling Janet"
10910,"1998-02-26","Matti Karttunen","Davolio Nancy"
10908,"1998-02-26","Maurizio Moroni","Peacock Margaret"
10907,"1998-02-25","Dominique Perrier","Suyama Michael"
10906,"1998-02-25","Zbyszek Piestrzeniewicz","Peacock Margaret"
10904,"1998-02-24","Karl Jablonski","Leverling Janet"
10905,"1998-02-24","Paula Parente","Dodsworth Anne"
10903,"1998-02-24","Mario Pontes","Leverling Janet"
10902,"1998-02-23","Maria Larsson","Davolio Nancy"
10901,"1998-02-23","Carlos Hernández","Peacock Margaret"
10899,"1998-02-20","Carlos González","Buchanan Steven"
10900,"1998-02-20","Paula Parente","Davolio Nancy"
10898,"1998-02-20","Yvonne Moncada","Peacock Margaret"
10896,"1998-02-19","Catherine Dewey","King Robert"
10897,"1998-02-19","Patricia McKenna","Leverling Janet"
10895,"1998-02-18","Roland Mendel","Leverling Janet"
10894,"1998-02-18","Jose Pavarotti","Davolio Nancy"
10893,"1998-02-18","Philip Cramer","Dodsworth Anne"
10891,"1998-02-17","Renate Messner","King Robert"
10892,"1998-02-17","Catherine Dewey","Peacock Margaret"
10889,"1998-02-16","Paula Wilson","Dodsworth Anne"
10890,"1998-02-16","Janine Labrune","King Robert"
10888,"1998-02-16","José Pedro Freyre","Davolio Nancy"
10887,"1998-02-13","Eduardo Saavedra","Callahan Laura"
10886,"1998-02-13","Mario Pontes","Davolio Nancy"
10884,"1998-02-12","Jaime Yorres","Peacock Margaret"
10885,"1998-02-12","Pascale Cartrain","Suyama Michael"
10883,"1998-02-12","Fran Wilson","Callahan Laura"
10882,"1998-02-11","Jose Pavarotti","Peacock Margaret"
10881,"1998-02-11","Patricio Simpson","Peacock Margaret"
10879,"1998-02-10","Matti Karttunen","Leverling Janet"
10880,"1998-02-10","Maria Larsson","King Robert"
10878,"1998-02-10","Horst Kloss","Peacock Margaret"
10877,"1998-02-09","Janete Limeira","Davolio Nancy"
10876,"1998-02-09","Laurence Lebihan","King Robert"
10874,"1998-02-06","José Pedro Freyre","Buchanan Steven"
10873,"1998-02-06","Matti Karttunen","Peacock Margaret"
10875,"1998-02-06","Christina Berglund","Peacock Margaret"
10872,"1998-02-05","José Pedro Freyre","Buchanan Steven"
10871,"1998-02-05","Laurence Lebihan","Dodsworth Anne"
10870,"1998-02-04","Zbyszek Piestrzeniewicz","Buchanan Steven"
10869,"1998-02-04","Hari Kumar","Buchanan Steven"
10868,"1998-02-04","Lúcia Carvalho","King Robert"
10866,"1998-02-03","Christina Berglund","Buchanan Steven"
10867,"1998-02-03","Fran Wilson","Suyama Michael"
10864,"1998-02-02","Thomas Hardy","Peacock Margaret"
10865,"1998-02-02","Horst Kloss","Fuller Andrew"
10863,"1998-02-02","Carlos Hernández","Peacock Margaret"
10862,"1998-01-30","Renate Messner","Callahan Laura"
10861,"1998-01-30","Karl Jablonski","Peacock Margaret"
10859,"1998-01-29","Peter Franken","Davolio Nancy"
10860,"1998-01-29","Carine Schmitt","Leverling Janet"
10858,"1998-01-29","Daniel Tonini","Fuller Andrew"
10857,"1998-01-28","Christina Berglund","Callahan Laura"
10856,"1998-01-28","Antonio Moreno","Leverling Janet"
10854,"1998-01-27","Roland Mendel","Leverling Janet"
10855,"1998-01-27","Rene Phillips","Leverling Janet"
10853,"1998-01-27","Hanna Moos","Dodsworth Anne"
10852,"1998-01-26","Paula Wilson","Callahan Laura"
10851,"1998-01-26","Janete Limeira","Buchanan Steven"
10849,"1998-01-23","Philip Cramer","Dodsworth Anne"
10850,"1998-01-23","Mary Saveley","Davolio Nancy"
10848,"1998-01-23","Elizabeth Brown","King Robert"
10847,"1998-01-22","Jose Pavarotti","Peacock Margaret"
10846,"1998-01-22","Pascale Cartrain","Fuller Andrew"
10845,"1998-01-21","Horst Kloss","Callahan Laura"
10844,"1998-01-21","Georg Pipps","Callahan Laura"
10843,"1998-01-21","Mary Saveley","Peacock Margaret"
10841,"1998-01-20","Pascale Cartrain","Buchanan Steven"
10842,"1998-01-20","Miguel Angel Paolino","Davolio Nancy"
10839,"1998-01-19","Anabela Domingues","Leverling Janet"
10840,"1998-01-19","Felipe Izquierdo","Peacock Margaret"
10838,"1998-01-19","Felipe Izquierdo","Leverling Janet"
10837,"1998-01-16","Christina Berglund","Dodsworth Anne"
10836,"1998-01-16","Roland Mendel","King Robert"
10834,"1998-01-15","Anabela Domingues","Davolio Nancy"
10835,"1998-01-15","Maria Anders","Davolio Nancy"
10833,"1998-01-15","Henriette Pfalzheim","Suyama Michael"
10832,"1998-01-14","Annette Roulet","Fuller Andrew"
10831,"1998-01-14","Jonas Bergulfsen","Leverling Janet"
10829,"1998-01-13","Helen Bennett","Dodsworth Anne"
10830,"1998-01-13","Anabela Domingues","Peacock Margaret"
10828,"1998-01-13","Sergio Gutiérrez","Dodsworth Anne"
10827,"1998-01-12","Laurence Lebihan","Davolio Nancy"
10826,"1998-01-12","Frédérique Citeaux","Suyama Michael"
10823,"1998-01-09","Carlos González","Buchanan Steven"
10825,"1998-01-09","Sven Ottlieb","Davolio Nancy"
10824,"1998-01-09","Maria Larsson","Callahan Laura"
10821,"1998-01-08","Art Braunschweiger","Davolio Nancy"
10822,"1998-01-08","Helvetius Nagy","Suyama Michael"
10820,"1998-01-07","Paula Wilson","Leverling Janet"
10819,"1998-01-07","Patricio Simpson","Fuller Andrew"
10818,"1998-01-07","Giovanni Rovelli","King Robert"
10816,"1998-01-06","Howard Snyder","Peacock Margaret"
10817,"1998-01-06","Philip Cramer","Leverling Janet"
10814,"1998-01-05","Mary Saveley","Leverling Janet"
10815,"1998-01-05","Jose Pavarotti","Fuller Andrew"
10813,"1998-01-05","Janete Limeira","Davolio Nancy"
10812,"1998-01-02","Maurizio Moroni","Buchanan Steven"
10811,"1998-01-02","Felipe Izquierdo","Callahan Laura"
10809,"1998-01-01","Paula Parente","King Robert"
10810,"1998-01-01","Yoshi Tannamuri","Fuller Andrew"
10808,"1998-01-01","Rene Phillips","Fuller Andrew"
10807,"1997-12-31","Paolo Accorti","Peacock Margaret"
10806,"1997-12-31","Mary Saveley","Leverling Janet"
10804,"1997-12-30","Hari Kumar","Suyama Michael"
10805,"1997-12-30","Liz Nixon","Fuller Andrew"
10803,"1997-12-30","Paula Parente","Peacock Margaret"
10802,"1997-12-29","Jytte Petersen","Peacock Margaret"
10801,"1997-12-29","Martín Sommer","Peacock Margaret"
10799,"1997-12-26","Philip Cramer","Dodsworth Anne"
10800,"1997-12-26","Hari Kumar","Davolio Nancy"
10798,"1997-12-26","Helen Bennett","Fuller Andrew"
10796,"1997-12-25","Carlos Hernández","Leverling Janet"
10797,"1997-12-25","Sven Ottlieb","King Robert"
10795,"1997-12-24","Roland Mendel","Callahan Laura"
10794,"1997-12-24","Bernardo Batista","Suyama Michael"
10793,"1997-12-24","Thomas Hardy","Leverling Janet"
10791,"1997-12-23","Peter Franken","Suyama Michael"
10792,"1997-12-23","Zbyszek Piestrzeniewicz","Davolio Nancy"
10789,"1997-12-22","Martine Rancé","Davolio Nancy"
10790,"1997-12-22","André Fonseca","Suyama Michael"
10788,"1997-12-22","Horst Kloss","Davolio Nancy"
10787,"1997-12-19","Annette Roulet","Fuller Andrew"
10786,"1997-12-19","Lúcia Carvalho","Callahan Laura"
10784,"1997-12-18","Giovanni Rovelli","Peacock Margaret"
10785,"1997-12-18","Manuel Pereira","Davolio Nancy"
10783,"1997-12-18","Mario Pontes","Peacock Margaret"
10782,"1997-12-17","Patricio Simpson","Dodsworth Anne"
10781,"1997-12-17","Pirkko Koskitalo","Fuller Andrew"
10779,"1997-12-16","Alexander Feuer","Leverling Janet"
10780,"1997-12-16","Carlos González","Fuller Andrew"
10778,"1997-12-16","Christina Berglund","Leverling Janet"
10776,"1997-12-15","Roland Mendel","Davolio Nancy"
10777,"1997-12-15","André Fonseca","King Robert"
10775,"1997-12-12","Liu Wong","King Robert"
10774,"1997-12-11","Maria Larsson","Peacock Margaret"
10773,"1997-12-11","Roland Mendel","Davolio Nancy"
10771,"1997-12-10","Roland Mendel","Dodsworth Anne"
10772,"1997-12-10","Renate Messner","Leverling Janet"
10770,"1997-12-09","Mario Pontes","Callahan Laura"
10768,"1997-12-08","Thomas Hardy","Leverling Janet"
10769,"1997-12-08","Palle Ibsen","Leverling Janet"
10767,"1997-12-05","Pascale Cartrain","Peacock Margaret"
10766,"1997-12-05","Henriette Pfalzheim","Peacock Margaret"
10765,"1997-12-04","Horst Kloss","Leverling Janet"
10763,"1997-12-03","Martine Rancé","Leverling Janet"
10764,"1997-12-03","Roland Mendel","Suyama Michael"
10761,"1997-12-02","Paula Wilson","Buchanan Steven"
10762,"1997-12-02","Maria Larsson","Leverling Janet"
10760,"1997-12-01","Catherine Dewey","Peacock Margaret"
10759,"1997-11-28","Ana Trujillo","Leverling Janet"
10758,"1997-11-28","Michael Holz","Leverling Janet"
10756,"1997-11-27","Art Braunschweiger","Callahan Laura"
10757,"1997-11-27","Jose Pavarotti","Suyama Michael"
10755,"1997-11-26","Laurence Lebihan","Peacock Margaret"
10754,"1997-11-25","Giovanni Rovelli","Suyama Michael"
10753,"1997-11-25","Paolo Accorti","Leverling Janet"
10751,"1997-11-24","Michael Holz","Leverling Janet"
10752,"1997-11-24","Simon Crowther","Fuller Andrew"
10750,"1997-11-21","Pirkko Koskitalo","Dodsworth Anne"
10749,"1997-11-20","Helen Bennett","Peacock Margaret"
10748,"1997-11-20","Jose Pavarotti","Leverling Janet"
10746,"1997-11-19","Yang Wang","Davolio Nancy"
10747,"1997-11-19","Georg Pipps","Suyama Michael"
10745,"1997-11-18","Horst Kloss","Dodsworth Anne"
10743,"1997-11-17","Thomas Hardy","Davolio Nancy"
10744,"1997-11-17","Palle Ibsen","Suyama Michael"
10742,"1997-11-14","Elizabeth Lincoln","Leverling Janet"
10741,"1997-11-14","Thomas Hardy","Peacock Margaret"
10740,"1997-11-13","Karl Jablonski","Peacock Margaret"
10738,"1997-11-12","Dominique Perrier","Fuller Andrew"
10739,"1997-11-12","Paul Henriot","Leverling Janet"
10736,"1997-11-11","Patricia McKenna","Dodsworth Anne"
10737,"1997-11-11","Paul Henriot","Fuller Andrew"
10735,"1997-11-10","Jaime Yorres","Suyama Michael"
10734,"1997-11-07","André Fonseca","Fuller Andrew"
10733,"1997-11-07","Christina Berglund","Davolio Nancy"
10731,"1997-11-06","Yang Wang","King Robert"
10732,"1997-11-06","Laurence Lebihan","Leverling Janet"
10730,"1997-11-05","Laurence Lebihan","Buchanan Steven"
10729,"1997-11-04","Felipe Izquierdo","Callahan Laura"
10728,"1997-11-04","Lúcia Carvalho","Peacock Margaret"
10726,"1997-11-03","Ann Devon","Peacock Margaret"
10727,"1997-11-03","Maurizio Moroni","Fuller Andrew"
10725,"1997-10-31","Aria Cruz","Peacock Margaret"
10724,"1997-10-30","Jean Fresnière","Callahan Laura"
10723,"1997-10-30","Karl Jablonski","Leverling Janet"
10721,"1997-10-29","Horst Kloss","Buchanan Steven"
10722,"1997-10-29","Jose Pavarotti","Callahan Laura"
10720,"1997-10-28","Bernardo Batista","Callahan Laura"
10719,"1997-10-27","Jaime Yorres","Callahan Laura"
10718,"1997-10-27","Philip Cramer","Davolio Nancy"
10717,"1997-10-24","Peter Franken","Davolio Nancy"
10716,"1997-10-24","Sergio Gutiérrez","Peacock Margaret"
10715,"1997-10-23","Laurence Lebihan","Leverling Janet"
10714,"1997-10-22","Jose Pavarotti","Buchanan Steven"
10713,"1997-10-22","Jose Pavarotti","Davolio Nancy"
10712,"1997-10-21","Patricia McKenna","Leverling Janet"
10711,"1997-10-21","Jose Pavarotti","Buchanan Steven"
10710,"1997-10-20","Paolo Accorti","Davolio Nancy"
10709,"1997-10-17","André Fonseca","Davolio Nancy"
10708,"1997-10-17","Liz Nixon","Suyama Michael"
10706,"1997-10-16","Rene Phillips","Callahan Laura"
10707,"1997-10-16","Thomas Hardy","Peacock Margaret"
10705,"1997-10-15","Carlos Hernández","Dodsworth Anne"
10704,"1997-10-14","Lúcia Carvalho","Suyama Michael"
10703,"1997-10-14","Maria Larsson","Suyama Michael"
10701,"1997-10-13","Patricia McKenna","Suyama Michael"
10702,"1997-10-13","Maria Anders","Peacock Margaret"
10700,"1997-10-10","Jose Pavarotti","Leverling Janet"
10699,"1997-10-09","Alexander Feuer","Leverling Janet"
10698,"1997-10-09","Roland Mendel","Peacock Margaret"
10696,"1997-10-08","Karl Jablonski","Callahan Laura"
10697,"1997-10-08","Felipe Izquierdo","Leverling Janet"
10695,"1997-10-07","Matti Karttunen","King Robert"
10694,"1997-10-06","Horst Kloss","Callahan Laura"
10693,"1997-10-06","Karl Jablonski","Leverling Janet"
10691,"1997-10-03","Horst Kloss","Fuller Andrew"
10692,"1997-10-03","Maria Anders","Peacock Margaret"
10690,"1997-10-02","Mario Pontes","Davolio Nancy"
10689,"1997-10-01","Christina Berglund","Davolio Nancy"
10688,"1997-10-01","Palle Ibsen","Peacock Margaret"
10687,"1997-09-30","Patricia McKenna","Dodsworth Anne"
10686,"1997-09-30","Georg Pipps","Fuller Andrew"
10685,"1997-09-29","André Fonseca","Peacock Margaret"
10684,"1997-09-26","Henriette Pfalzheim","Leverling Janet"
10683,"1997-09-26","Janine Labrune","Fuller Andrew"
10681,"1997-09-25","Howard Snyder","Leverling Janet"
10682,"1997-09-25","Antonio Moreno","Leverling Janet"
10680,"1997-09-24","Rene Phillips","Davolio Nancy"
10679,"1997-09-23","Frédérique Citeaux","Callahan Laura"
10678,"1997-09-23","Jose Pavarotti","King Robert"
10676,"1997-09-22","Miguel Angel Paolino","Fuller Andrew"
10677,"1997-09-22","Antonio Moreno","Davolio Nancy"
10675,"1997-09-19","Peter Franken","Buchanan Steven"
10674,"1997-09-18","Helen Bennett","Peacock Margaret"
10673,"1997-09-18","Matti Karttunen","Fuller Andrew"
10671,"1997-09-17","Carine Schmitt","Davolio Nancy"
10672,"1997-09-17","Christina Berglund","Dodsworth Anne"
10670,"1997-09-16","Peter Franken","Peacock Margaret"
10669,"1997-09-15","Jytte Petersen","Fuller Andrew"
10668,"1997-09-15","Rita Müller","Davolio Nancy"
10666,"1997-09-12","Michael Holz","King Robert"
10667,"1997-09-12","Roland Mendel","King Robert"
10665,"1997-09-11","Fran Wilson","Davolio Nancy"
10663,"1997-09-10","Laurence Lebihan","Fuller Andrew"
10664,"1997-09-10","Lino Rodriguez","Davolio Nancy"
10662,"1997-09-09","Fran Wilson","Leverling Janet"
10661,"1997-09-09","Patricia McKenna","King Robert"
10660,"1997-09-08","Yoshi Latimer","Callahan Laura"
10658,"1997-09-05","Horst Kloss","Peacock Margaret"
10659,"1997-09-05","Lúcia Carvalho","King Robert"
10656,"1997-09-04","Howard Snyder","Suyama Michael"
10657,"1997-09-04","Jose Pavarotti","Fuller Andrew"
10655,"1997-09-03","Maurizio Moroni","Davolio Nancy"
10654,"1997-09-02","Christina Berglund","Buchanan Steven"
10653,"1997-09-02","Peter Franken","Davolio Nancy"
10651,"1997-09-01","Rita Müller","Callahan Laura"
10652,"1997-09-01","André Fonseca","Peacock Margaret"
10650,"1997-08-29","Aria Cruz","Buchanan Steven"
10649,"1997-08-28","Catherine Dewey","Buchanan Steven"
10648,"1997-08-28","Janete Limeira","Buchanan Steven"
10646,"1997-08-27","Patricia McKenna","Dodsworth Anne"
10647,"1997-08-27","Bernardo Batista","Peacock Margaret"
10645,"1997-08-26","Mario Pontes","Peacock Margaret"
10644,"1997-08-25","Paula Parente","Leverling Janet"
10643,"1997-08-25","Maria Anders","Suyama Michael"
10641,"1997-08-22","Carlos Hernández","Peacock Margaret"
10642,"1997-08-22","Jytte Petersen","King Robert"
10640,"1997-08-21","Rita Müller","Peacock Margaret"
10639,"1997-08-20","Jonas Bergulfsen","King Robert"
10638,"1997-08-20","Felipe Izquierdo","Leverling Janet"
10637,"1997-08-19","Lúcia Carvalho","Suyama Michael"
10636,"1997-08-19","Pirkko Koskitalo","Peacock Margaret"
10635,"1997-08-18","Giovanni Rovelli","Callahan Laura"
10633,"1997-08-15","Roland Mendel","King Robert"
10634,"1997-08-15","Martine Rancé","Peacock Margaret"
10631,"1997-08-14","Annette Roulet","Callahan Laura"
10632,"1997-08-14","Rita Müller","Callahan Laura"
10630,"1997-08-13","Philip Cramer","Davolio Nancy"
10629,"1997-08-12","José Pedro Freyre","Peacock Margaret"
10628,"1997-08-12","Frédérique Citeaux","Peacock Margaret"
10626,"1997-08-11","Christina Berglund","Davolio Nancy"
10627,"1997-08-11","Jose Pavarotti","Callahan Laura"
10625,"1997-08-08","Ana Trujillo","Leverling Janet"
10623,"1997-08-07","Peter Franken","Callahan Laura"
10624,"1997-08-07","Liu Wong","Peacock Margaret"
10622,"1997-08-06","Janete Limeira","Peacock Margaret"
10621,"1997-08-05","Helen Bennett","Peacock Margaret"
10620,"1997-08-05","Yoshi Tannamuri","Fuller Andrew"
10619,"1997-08-04","Jean Fresnière","Leverling Janet"
10618,"1997-08-01","Jean Fresnière","Davolio Nancy"
10616,"1997-07-31","Howard Snyder","Davolio Nancy"
10617,"1997-07-31","Howard Snyder","Peacock Margaret"
10615,"1997-07-30","Matti Karttunen","Fuller Andrew"
10613,"1997-07-29","Carlos Hernández","Peacock Margaret"
10614,"1997-07-29","Hanna Moos","Callahan Laura"
10612,"1997-07-28","Jose Pavarotti","Davolio Nancy"
10611,"1997-07-25","Zbyszek Piestrzeniewicz","Suyama Michael"
10610,"1997-07-25","Annette Roulet","Callahan Laura"
10609,"1997-07-24","Janine Labrune","King Robert"
10608,"1997-07-23","Karin Josephs","Peacock Margaret"
10606,"1997-07-22","Anabela Domingues","Peacock Margaret"
10607,"1997-07-22","Jose Pavarotti","Buchanan Steven"
10605,"1997-07-21","Jean Fresnière","Davolio Nancy"
10603,"1997-07-18","Jose Pavarotti","Callahan Laura"
10604,"1997-07-18","Lino Rodriguez","Davolio Nancy"
10602,"1997-07-17","Palle Ibsen","Callahan Laura"
10601,"1997-07-16","Carlos Hernández","King Robert"
10600,"1997-07-16","Yoshi Latimer","Peacock Margaret"
10599,"1997-07-15","Victoria Ashworth","Suyama Michael"
10598,"1997-07-14","Paula Wilson","Davolio Nancy"
10596,"1997-07-11","Karl Jablonski","Callahan Laura"
10597,"1997-07-11","Georg Pipps","King Robert"
10595,"1997-07-10","Roland Mendel","Fuller Andrew"
10593,"1997-07-09","Renate Messner","King Robert"
10594,"1997-07-09","Rene Phillips","Leverling Janet"
10592,"1997-07-08","Renate Messner","Leverling Janet"
10590,"1997-07-07","Jean Fresnière","Peacock Margaret"
10591,"1997-07-07","Palle Ibsen","Davolio Nancy"
10589,"1997-07-04","Howard Snyder","Callahan Laura"
10588,"1997-07-03","Horst Kloss","Fuller Andrew"
10587,"1997-07-02","Bernardo Batista","Davolio Nancy"
10586,"1997-07-02","Maurizio Moroni","Dodsworth Anne"
10585,"1997-07-01","Paula Parente","King Robert"
10584,"1997-06-30","Frédérique Citeaux","Peacock Margaret"
10583,"1997-06-30","Pirkko Koskitalo","Fuller Andrew"
10582,"1997-06-27","Hanna Moos","Leverling Janet"
10581,"1997-06-26","Aria Cruz","Leverling Janet"
10580,"1997-06-26","Henriette Pfalzheim","Peacock Margaret"
10579,"1997-06-25","Jaime Yorres","Davolio Nancy"
10578,"1997-06-24","Victoria Ashworth","Peacock Margaret"
10576,"1997-06-23","Miguel Angel Paolino","Leverling Janet"
10577,"1997-06-23","Helvetius Nagy","Dodsworth Anne"
10575,"1997-06-20","Alexander Feuer","Buchanan Steven"
10573,"1997-06-19","Antonio Moreno","King Robert"
10574,"1997-06-19","Helvetius Nagy","Peacock Margaret"
10572,"1997-06-18","Christina Berglund","Leverling Janet"
10571,"1997-06-17","Roland Mendel","Callahan Laura"
10570,"1997-06-17","Jean Fresnière","Leverling Janet"
10569,"1997-06-16","Paula Wilson","Buchanan Steven"
10568,"1997-06-13","Eduardo Saavedra","Leverling Janet"
10566,"1997-06-12","Frédérique Citeaux","Dodsworth Anne"
10567,"1997-06-12","Patricia McKenna","Davolio Nancy"
10565,"1997-06-11","Jean Fresnière","Callahan Laura"
10563,"1997-06-10","Janete Limeira","Fuller Andrew"
10564,"1997-06-10","Paula Wilson","Peacock Margaret"
10562,"1997-06-09","Maurizio Moroni","Davolio Nancy"
10561,"1997-06-06","Maria Larsson","Fuller Andrew"
10560,"1997-06-06","Peter Franken","Callahan Laura"
10559,"1997-06-05","Frédérique Citeaux","Suyama Michael"
10558,"1997-06-04","Thomas Hardy","Davolio Nancy"
10557,"1997-06-03","Renate Messner","Dodsworth Anne"
10556,"1997-06-03","Jytte Petersen","Fuller Andrew"
10555,"1997-06-02","Jose Pavarotti","Suyama Michael"
10553,"1997-05-30","Pirkko Koskitalo","Fuller Andrew"
10554,"1997-05-30","Henriette Pfalzheim","Peacock Margaret"
10552,"1997-05-29","Carlos Hernández","Fuller Andrew"
10551,"1997-05-28","Lino Rodriguez","Peacock Margaret"
10550,"1997-05-28","José Pedro Freyre","King Robert"
10549,"1997-05-27","Horst Kloss","Buchanan Steven"
10548,"1997-05-26","Karin Josephs","Leverling Janet"
10546,"1997-05-23","Mary Saveley","Davolio Nancy"
10547,"1997-05-23","Hari Kumar","Leverling Janet"
10545,"1997-05-22","John Steel","Callahan Laura"
10543,"1997-05-21","Carlos González","Callahan Laura"
10544,"1997-05-21","Fran Wilson","Peacock Margaret"
10542,"1997-05-20","Philip Cramer","Davolio Nancy"
10541,"1997-05-19","Mario Pontes","Fuller Andrew"
10540,"1997-05-19","Horst Kloss","Leverling Janet"
10539,"1997-05-16","Victoria Ashworth","Suyama Michael"
10538,"1997-05-15","Victoria Ashworth","Dodsworth Anne"
10537,"1997-05-14","Michael Holz","Davolio Nancy"
10536,"1997-05-14","Renate Messner","Leverling Janet"
10535,"1997-05-13","Antonio Moreno","Peacock Margaret"
10533,"1997-05-12","Maria Larsson","Callahan Laura"
10534,"1997-05-12","Renate Messner","Callahan Laura"
10532,"1997-05-09","Ann Devon","King Robert"
10531,"1997-05-08","Yvonne Moncada","King Robert"
10530,"1997-05-08","Georg Pipps","Leverling Janet"
10529,"1997-05-07","Catherine Dewey","Buchanan Steven"
10528,"1997-05-06","Howard Snyder","Suyama Michael"
10526,"1997-05-05","Pirkko Koskitalo","Peacock Margaret"
10527,"1997-05-05","Horst Kloss","King Robert"
10525,"1997-05-02","Laurence Lebihan","Davolio Nancy"
10523,"1997-05-01","Hari Kumar","King Robert"
10524,"1997-05-01","Christina Berglund","Davolio Nancy"
10522,"1997-04-30","Renate Messner","Peacock Margaret"
10521,"1997-04-29","Patricio Simpson","Callahan Laura"
10520,"1997-04-29","Jonas Bergulfsen","King Robert"
10519,"1997-04-28","Yang Wang","Suyama Michael"
10518,"1997-04-25","Miguel Angel Paolino","Peacock Margaret"
10516,"1997-04-24","Patricia McKenna","Fuller Andrew"
10517,"1997-04-24","Simon Crowther","Leverling Janet"
10515,"1997-04-23","Horst Kloss","Fuller Andrew"
10513,"1997-04-22","Rita Müller","King Robert"
10514,"1997-04-22","Roland Mendel","Leverling Janet"
10512,"1997-04-21","Aria Cruz","King Robert"
10511,"1997-04-18","Laurence Lebihan","Peacock Margaret"
10510,"1997-04-18","Jose Pavarotti","Suyama Michael"
10509,"1997-04-17","Hanna Moos","Peacock Margaret"
10508,"1997-04-16","Henriette Pfalzheim","Davolio Nancy"
10507,"1997-04-15","Antonio Moreno","King Robert"
10506,"1997-04-15","Philip Cramer","Dodsworth Anne"
10505,"1997-04-14","Jean Fresnière","Leverling Janet"
10504,"1997-04-11","Karl Jablonski","Peacock Margaret"
10503,"1997-04-11","Patricia McKenna","Suyama Michael"
10502,"1997-04-10","Guillermo Fernández","Fuller Andrew"
10501,"1997-04-09","Hanna Moos","Dodsworth Anne"
10500,"1997-04-09","Annette Roulet","Suyama Michael"
10499,"1997-04-08","Carlos González","Peacock Margaret"
10498,"1997-04-07","Carlos Hernández","Callahan Laura"
10496,"1997-04-04","Anabela Domingues","King Robert"
10497,"1997-04-04","Renate Messner","King Robert"
10495,"1997-04-03","Yoshi Tannamuri","Leverling Janet"
10493,"1997-04-02","Annette Roulet","Peacock Margaret"
10494,"1997-04-02","Pedro Afonso","Peacock Margaret"
10492,"1997-04-01","Elizabeth Lincoln","Leverling Janet"
10491,"1997-03-31","Lino Rodriguez","Callahan Laura"
10490,"1997-03-31","Carlos Hernández","King Robert"
10489,"1997-03-28","Georg Pipps","Suyama Michael"
10488,"1997-03-27","Peter Franken","Callahan Laura"
10486,"1997-03-26","Carlos Hernández","Davolio Nancy"
10487,"1997-03-26","Lúcia Carvalho","Fuller Andrew"
10485,"1997-03-25","Felipe Izquierdo","Peacock Margaret"
10484,"1997-03-24","Victoria Ashworth","Leverling Janet"
10483,"1997-03-24","Karl Jablonski","King Robert"
10482,"1997-03-21","John Steel","Davolio Nancy"
10481,"1997-03-20","Janete Limeira","Callahan Laura"
10480,"1997-03-20","Martine Rancé","Suyama Michael"
10479,"1997-03-19","Paula Wilson","Leverling Janet"
10478,"1997-03-18","Mary Saveley","Fuller Andrew"
10476,"1997-03-17","Carlos Hernández","Callahan Laura"
10477,"1997-03-17","Isabel de Castro","Buchanan Steven"
10475,"1997-03-14","Pascale Cartrain","Dodsworth Anne"
10473,"1997-03-13","Helen Bennett","Davolio Nancy"
10474,"1997-03-13","Guillermo Fernández","Buchanan Steven"
10472,"1997-03-12","Hari Kumar","Callahan Laura"
10471,"1997-03-11","Victoria Ashworth","Fuller Andrew"
10470,"1997-03-11","Laurence Lebihan","Peacock Margaret"
10469,"1997-03-10","Karl Jablonski","Davolio Nancy"
10468,"1997-03-07","Philip Cramer","Leverling Janet"
10466,"1997-03-06","Pedro Afonso","Peacock Margaret"
10467,"1997-03-06","Giovanni Rovelli","Callahan Laura"
10465,"1997-03-05","Palle Ibsen","Davolio Nancy"
10463,"1997-03-04","Pascale Cartrain","Buchanan Steven"
10464,"1997-03-04","Lino Rodriguez","Peacock Margaret"
10462,"1997-03-03","Elizabeth Brown","Fuller Andrew"
10461,"1997-02-28","Carlos González","Davolio Nancy"
10460,"1997-02-28","Maria Larsson","Callahan Laura"
10459,"1997-02-27","Mary Saveley","Peacock Margaret"
10458,"1997-02-26","Pascale Cartrain","King Robert"
10456,"1997-02-25","Philip Cramer","Callahan Laura"
10457,"1997-02-25","Philip Cramer","Fuller Andrew"
10455,"1997-02-24","Pirkko Koskitalo","Callahan Laura"
10454,"1997-02-21","Annette Roulet","Peacock Margaret"
10453,"1997-02-21","Thomas Hardy","Davolio Nancy"
10452,"1997-02-20","Jose Pavarotti","Callahan Laura"
10450,"1997-02-19","Mary Saveley","Callahan Laura"
10451,"1997-02-19","Horst Kloss","Peacock Margaret"
10449,"1997-02-18","Frédérique Citeaux","Leverling Janet"
10448,"1997-02-17","Sergio Gutiérrez","Peacock Margaret"
10446,"1997-02-14","Karin Josephs","Suyama Michael"
10447,"1997-02-14","Janete Limeira","Peacock Margaret"
10445,"1997-02-13","Christina Berglund","Leverling Janet"
10443,"1997-02-12","Maurizio Moroni","Callahan Laura"
10444,"1997-02-12","Christina Berglund","Leverling Janet"
10442,"1997-02-11","Roland Mendel","Leverling Janet"
10441,"1997-02-10","Rene Phillips","Leverling Janet"
10440,"1997-02-10","Jose Pavarotti","Peacock Margaret"
10439,"1997-02-07","Jean Fresnière","Suyama Michael"
10438,"1997-02-06","Karin Josephs","Leverling Janet"
10436,"1997-02-05","Frédérique Citeaux","Leverling Janet"
10437,"1997-02-05","Pirkko Koskitalo","Callahan Laura"
10435,"1997-02-04","Elizabeth Brown","Callahan Laura"
10433,"1997-02-03","Isabel de Castro","Leverling Janet"
10434,"1997-02-03","Maria Larsson","Leverling Janet"
10432,"1997-01-31","Art Braunschweiger","Leverling Janet"
10431,"1997-01-30","Elizabeth Lincoln","Peacock Margaret"
10430,"1997-01-30","Roland Mendel","Peacock Margaret"
10429,"1997-01-29","Patricia McKenna","Leverling Janet"
10428,"1997-01-28","Maurizio Moroni","King Robert"
10427,"1997-01-27","Georg Pipps","Peacock Margaret"
10426,"1997-01-27","Eduardo Saavedra","Peacock Margaret"
10425,"1997-01-24","Annette Roulet","Suyama Michael"
10423,"1997-01-23","André Fonseca","Suyama Michael"
10424,"1997-01-23","Jean Fresnière","King Robert"
10422,"1997-01-22","Paolo Accorti","Fuller Andrew"
10421,"1997-01-21","Bernardo Batista","Callahan Laura"
10420,"1997-01-21","Paula Parente","Leverling Janet"
10419,"1997-01-20","Michael Holz","Peacock Margaret"
10418,"1997-01-17","Horst Kloss","Peacock Margaret"
10416,"1997-01-16","Pirkko Koskitalo","Callahan Laura"
10417,"1997-01-16","Jytte Petersen","Peacock Margaret"
10415,"1997-01-15","Yoshi Latimer","Leverling Janet"
10413,"1997-01-14","Annette Roulet","Leverling Janet"
10414,"1997-01-14","Aria Cruz","Fuller Andrew"
10412,"1997-01-13","Pirkko Koskitalo","Callahan Laura"
10411,"1997-01-10","Elizabeth Lincoln","Dodsworth Anne"
10410,"1997-01-10","Elizabeth Lincoln","Leverling Janet"
10409,"1997-01-09","Yvonne Moncada","Leverling Janet"
10408,"1997-01-08","Martine Rancé","Callahan Laura"
10406,"1997-01-07","Lúcia Carvalho","King Robert"
10407,"1997-01-07","Henriette Pfalzheim","Fuller Andrew"
10405,"1997-01-06","Felipe Izquierdo","Davolio Nancy"
10403,"1997-01-03","Roland Mendel","Peacock Margaret"
10404,"1997-01-03","Giovanni Rovelli","Fuller Andrew"
10402,"1997-01-02","Roland Mendel","Callahan Laura"
10401,"1997-01-01","Paula Wilson","Davolio Nancy"
10400,"1997-01-01","Ann Devon","Davolio Nancy"
10399,"1996-12-31","Palle Ibsen","Callahan Laura"
10398,"1996-12-30","Jose Pavarotti","Fuller Andrew"
10396,"1996-12-27","Peter Franken","Davolio Nancy"
10397,"1996-12-27","Isabel de Castro","Buchanan Steven"
10395,"1996-12-26","Carlos Hernández","Suyama Michael"
10393,"1996-12-25","Jose Pavarotti","Davolio Nancy"
10394,"1996-12-25","Yoshi Latimer","Davolio Nancy"
10392,"1996-12-24","Georg Pipps","Fuller Andrew"
10391,"1996-12-23","Sven Ottlieb","Leverling Janet"
10390,"1996-12-23","Roland Mendel","Suyama Michael"
10389,"1996-12-20","Elizabeth Lincoln","Peacock Margaret"
10388,"1996-12-19","Hari Kumar","Fuller Andrew"
10386,"1996-12-18","Aria Cruz","Dodsworth Anne"
10387,"1996-12-18","Jonas Bergulfsen","Davolio Nancy"
10385,"1996-12-17","Art Braunschweiger","Davolio Nancy"
10383,"1996-12-16","Thomas Hardy","Callahan Laura"
10384,"1996-12-16","Christina Berglund","Leverling Janet"
10382,"1996-12-13","Roland Mendel","Peacock Margaret"
10381,"1996-12-12","Carlos González","Leverling Janet"
10380,"1996-12-12","Patricia McKenna","Callahan Laura"
10379,"1996-12-11","Bernardo Batista","Fuller Andrew"
10378,"1996-12-10","Maria Larsson","Buchanan Steven"
10377,"1996-12-09","Hari Kumar","Davolio Nancy"
10376,"1996-12-09","Jean Fresnière","Davolio Nancy"
10375,"1996-12-06","Yoshi Latimer","Leverling Janet"
10374,"1996-12-05","Zbyszek Piestrzeniewicz","Davolio Nancy"
10373,"1996-12-05","Patricia McKenna","Peacock Margaret"
10372,"1996-12-04","Lúcia Carvalho","Buchanan Steven"
10371,"1996-12-03","Annette Roulet","Davolio Nancy"
10370,"1996-12-03","Yang Wang","Suyama Michael"
10369,"1996-12-02","Art Braunschweiger","Callahan Laura"
10368,"1996-11-29","Roland Mendel","Fuller Andrew"
10366,"1996-11-28","Eduardo Saavedra","Callahan Laura"
10367,"1996-11-28","Palle Ibsen","King Robert"
10365,"1996-11-27","Antonio Moreno","Leverling Janet"
10363,"1996-11-26","Sven Ottlieb","Peacock Margaret"
10364,"1996-11-26","Ann Devon","Davolio Nancy"
10362,"1996-11-25","Laurence Lebihan","Leverling Janet"
10360,"1996-11-22","Frédérique Citeaux","Peacock Margaret"
10361,"1996-11-22","Horst Kloss","Davolio Nancy"
10359,"1996-11-21","Hari Kumar","Buchanan Steven"
10358,"1996-11-20","Annette Roulet","Buchanan Steven"
10357,"1996-11-19","Carlos González","Davolio Nancy"
10356,"1996-11-18","Rita Müller","Suyama Michael"
10355,"1996-11-15","Thomas Hardy","Suyama Michael"
10354,"1996-11-14","Guillermo Fernández","Callahan Laura"
10353,"1996-11-13","Georg Pipps","King Robert"
10352,"1996-11-12","Lino Rodriguez","Leverling Janet"
10351,"1996-11-11","Roland Mendel","Davolio Nancy"
10350,"1996-11-11","Annette Roulet","Suyama Michael"
10349,"1996-11-08","Art Braunschweiger","King Robert"
10348,"1996-11-07","Rita Müller","Peacock Margaret"
10347,"1996-11-06","Aria Cruz","Peacock Margaret"
10346,"1996-11-05","Paula Wilson","Leverling Janet"
10345,"1996-11-04","Horst Kloss","Fuller Andrew"
10344,"1996-11-01","Karl Jablonski","Peacock Margaret"
10343,"1996-10-31","Renate Messner","Peacock Margaret"
10342,"1996-10-30","Peter Franken","Peacock Margaret"
10341,"1996-10-29","Jytte Petersen","King Robert"
10340,"1996-10-29","Laurence Lebihan","Davolio Nancy"
10339,"1996-10-28","Jean Fresnière","Fuller Andrew"
10338,"1996-10-25","Rene Phillips","Peacock Margaret"
10337,"1996-10-24","Peter Franken","Peacock Margaret"
10336,"1996-10-23","Isabel de Castro","King Robert"
10335,"1996-10-22","Patricia McKenna","King Robert"
10334,"1996-10-21","Mary Saveley","Callahan Laura"
10333,"1996-10-18","Pirkko Koskitalo","Buchanan Steven"
10332,"1996-10-17","Jean Fresnière","Leverling Janet"
10331,"1996-10-16","Laurence Lebihan","Dodsworth Anne"
10330,"1996-10-16","Carlos González","Leverling Janet"
10329,"1996-10-15","Art Braunschweiger","Peacock Margaret"
10328,"1996-10-14","Lino Rodriguez","Peacock Margaret"
10327,"1996-10-11","Maria Larsson","Fuller Andrew"
10326,"1996-10-10","Martín Sommer","Peacock Margaret"
10325,"1996-10-09","Philip Cramer","Davolio Nancy"
10324,"1996-10-08","Jose Pavarotti","Dodsworth Anne"
10323,"1996-10-07","Philip Cramer","Peacock Margaret"
10322,"1996-10-04","Guillermo Fernández","King Robert"
10320,"1996-10-03","Pirkko Koskitalo","Buchanan Steven"
10321,"1996-10-03","Helen Bennett","Leverling Janet"
10319,"1996-10-02","Miguel Angel Paolino","King Robert"
10318,"1996-10-01","Helen Bennett","Callahan Laura"
10317,"1996-09-30","Fran Wilson","Suyama Michael"
10316,"1996-09-27","Paula Wilson","Davolio Nancy"
10315,"1996-09-26","Helen Bennett","Peacock Margaret"
10314,"1996-09-25","Paula Wilson","Davolio Nancy"
10313,"1996-09-24","Horst Kloss","Fuller Andrew"
10312,"1996-09-23","Rita Müller","Fuller Andrew"
10311,"1996-09-20","Janine Labrune","Davolio Nancy"
10310,"1996-09-20","Liz Nixon","Callahan Laura"
10309,"1996-09-19","Patricia McKenna","Leverling Janet"
10308,"1996-09-18","Ana Trujillo","King Robert"
10307,"1996-09-17","Fran Wilson","Fuller Andrew"
10306,"1996-09-16","Alejandra Camino","Davolio Nancy"
10305,"1996-09-13","Rene Phillips","Callahan Laura"
10304,"1996-09-12","Miguel Angel Paolino","Davolio Nancy"
10303,"1996-09-11","José Pedro Freyre","King Robert"
10302,"1996-09-10","Pascale Cartrain","Peacock Margaret"
10300,"1996-09-09","Giovanni Rovelli","Fuller Andrew"
10301,"1996-09-09","Rita Müller","Callahan Laura"
10299,"1996-09-06","Janete Limeira","Peacock Margaret"
10298,"1996-09-05","Patricia McKenna","Suyama Michael"
10297,"1996-09-04","Frédérique Citeaux","Buchanan Steven"
10296,"1996-09-03","Carlos González","Suyama Michael"
10295,"1996-09-02","Paul Henriot","Fuller Andrew"
10294,"1996-08-30","Paula Wilson","Peacock Margaret"
10293,"1996-08-29","Miguel Angel Paolino","Davolio Nancy"
10292,"1996-08-28","Anabela Domingues","Davolio Nancy"
10291,"1996-08-27","Bernardo Batista","Suyama Michael"
10290,"1996-08-27","Pedro Afonso","Callahan Laura"
10289,"1996-08-26","Victoria Ashworth","King Robert"
10288,"1996-08-23","Maurizio Moroni","Peacock Margaret"
10287,"1996-08-22","Janete Limeira","Callahan Laura"
10286,"1996-08-21","Horst Kloss","Callahan Laura"
10285,"1996-08-20","Horst Kloss","Davolio Nancy"
10284,"1996-08-19","Renate Messner","Peacock Margaret"
10283,"1996-08-16","Carlos González","Leverling Janet"
10282,"1996-08-15","Alejandra Camino","Peacock Margaret"
10280,"1996-08-14","Christina Berglund","Fuller Andrew"
10281,"1996-08-14","Alejandra Camino","Peacock Margaret"
10279,"1996-08-13","Renate Messner","Callahan Laura"
10278,"1996-08-12","Christina Berglund","Callahan Laura"
10277,"1996-08-09","Alexander Feuer","Fuller Andrew"
10276,"1996-08-08","Miguel Angel Paolino","Callahan Laura"
10275,"1996-08-07","Giovanni Rovelli","Davolio Nancy"
10274,"1996-08-06","Paul Henriot","Suyama Michael"
10273,"1996-08-05","Horst Kloss","Leverling Janet"
10272,"1996-08-02","Paula Wilson","Suyama Michael"
10271,"1996-08-01","Art Braunschweiger","Suyama Michael"
10270,"1996-08-01","Pirkko Koskitalo","Davolio Nancy"
10269,"1996-07-31","Karl Jablonski","Buchanan Steven"
10268,"1996-07-30","Manuel Pereira","Callahan Laura"
10267,"1996-07-29","Peter Franken","Peacock Margaret"
10266,"1996-07-26","Pirkko Koskitalo","Leverling Janet"
10265,"1996-07-25","Frédérique Citeaux","Fuller Andrew"
10264,"1996-07-24","Maria Larsson","Suyama Michael"
10263,"1996-07-23","Roland Mendel","Dodsworth Anne"
10262,"1996-07-22","Paula Wilson","Callahan Laura"
10261,"1996-07-19","Bernardo Batista","Peacock Margaret"
10260,"1996-07-19","Henriette Pfalzheim","Peacock Margaret"
10259,"1996-07-18","Francisco Chang","Peacock Margaret"
10258,"1996-07-17","Roland Mendel","Davolio Nancy"
10257,"1996-07-16","Carlos Hernández","Peacock Margaret"
10256,"1996-07-15","Paula Parente","Leverling Janet"
10255,"1996-07-12","Michael Holz","Dodsworth Anne"
10254,"1996-07-11","Yang Wang","Buchanan Steven"
10253,"1996-07-10","Mario Pontes","Leverling Janet"
10252,"1996-07-09","Pascale Cartrain","Peacock Margaret"
10251,"1996-07-08","Mary Saveley","Leverling Janet"
10250,"1996-07-08","Mario Pontes","Peacock Margaret"
10249,"1996-07-05","Karin Josephs","Suyama Michael"
10248,"1996-07-04","Paul Henriot","Buchanan Steven"
